,Estimate,Std. Error,t value,Pr(>|t|),diff.data_A,diff.data_B,diff.data_C,diff.data_D,diff.data_E,diff.data_F,cov.scaled.dataA,cov.scaled.dataB,cov.scaled.dataC,cov.scaled.dataD,cov.scaled.dataE,cov.scaled.dataF,cov.unscaled.dataA,cov.unscaled.dataB,cov.unscaled.dataC,cov.unscaled.dataD,cov.unscaled.dataE,cov.unscaled.dataF
dataA,508238.0953370921,19345.78117508974,26.271262490631088,4.08616553361807e-152,0.0,13002.682176485308,32791.87350965355,-2989.561633824662,-18932.018180073996,508238.0953370921,374259249.2744567,0.0,0.0,0.0,-7.183131611224438e-09,0.0,0.000142221598181197,0.0,0.0,0.0,-2.7296491928381064e-21,0.0
dataB,495235.4131606068,19720.94315806182,25.112156613978026,3.663430900094268e-139,-13002.682176485308,0.0,19789.191333168244,-15992.24381030997,-31934.700356559304,495235.4131606068,0.0,388915599.0435053,0.0,0.0,0.0,0.0,0.0,0.00014779113184455376,0.0,0.0,0.0,0.0
dataC,475446.22182743857,19863.469903942227,23.935708319173308,1.3018087975365387e-126,-32791.87350965355,-19789.191333168244,0.0,-35781.435143478215,-51723.89168972755,475446.22182743857,0.0,0.0,394557436.6248186,0.0,0.0,3.868771686242608e-11,0.0,0.0,0.00014993507660757203,0.0,0.0,1.4701651149096692e-23
dataD,511227.6569709168,19323.776775807746,26.455887112655137,3.121860448266578e-154,2989.561633824662,15992.24381030997,35781.435143478215,0.0,-15942.456546249334,511227.6569709168,0.0,0.0,0.0,373408348.8812468,0.0,0.0,0.0,0.0,0.0,0.00014189824902135681,0.0,0.0
dataE,527170.1135171661,19548.035002004024,26.967933782762397,3.515136776744559e-160,18932.018180073996,31934.700356559304,51723.89168972755,15942.456546249334,0.0,527170.1135171661,-7.183131611224438e-09,0.0,0.0,0.0,382125672.4395744,0.0,-2.7296491928381064e-21,0.0,0.0,0.0,0.00014521090379403492,0.0
dataF,1.7937862524004704e-13,19807.303327184654,9.056186108578331e-18,1.0,-508238.0953370921,-495235.4131606068,-475446.22182743857,-511227.6569709168,-527170.1135171661,0.0,0.0,0.0,3.868771686242608e-11,0.0,0.0,392329265.0951003,0.0,0.0,1.4701651149096692e-23,0.0,0.0,0.00014908835306876112
